{"speaker_name":"helene","speaker_birth_year":1962,"Format":"vnd.wave","mother_tongue":"fra","location":null,"recording_lang":"fra","origin":"France\n","androidID":"58abbdb5a1eb5867","speakers":[],"date":"2018-07-09T12:28:28Z","suffix":"180709-142828_fra_58a_elicit","file_type":null,"version":"\/v03","sampleRate":16000,"languages":[],"source":"\/v03-sjcqekayoutq","BitsPerSample":16,"item_id":"sjcqekayoutq","speaker_gender":"Female","name":"180709-142828_fra_58a_elicit_19","device":"SAMSUNG-SM-T530","NumChannels":1,"user_id":"-2047761049","speaker_note":"","durationMsec":5671}